mBank S.A.;;;;;;;;
Elektroniczne zestawienie operacji;;;;;;;;
Klient: Jan Przyk³adowy;;;;;;;;
Za okres:;01.09.2026;30.09.2026;;;;;;;
Numer rachunku: '11111111111111111111111111';;;;;;;;
Rodzaj rachunku: eKONTO;;;;;;;;
Waluta: PLN;;;;;;;;
Uznania;8 290,00 PLN;;;;;;;
Obci¹¿enia;-5 653,72 PLN;;;;;;;
£¹cznie;2 636,28 PLN;;;;;;;
#Saldo pocz¹tkowe;4 820,35 PLN;;;;;;;
#Data ksiêgowania;#Data operacji;#Opis operacji;#Tytu³;#Nadawca/Odbiorca;#Numer konta;#Kwota;#Saldo po operacji;
01.09.2026;01.09.2026;PRZELEW ZEWNÊTRZNY WYCHODZ¥CY;"CZYNSZ ZA WRZESIEÑ 2026";"ADAM PRÓBNY";'22222222222222222222222222';-1850,00;2 970,35;
02.09.2026;02.09.2026;ZAKUP PRZY U¯YCIU KARTY;"BIEDRONKA 0412 WARSZAWA  DATA TRANSAKCJI: 2026-09-02";"";'';-87,43;2 882,92;
03.09.2026;03.09.2026;ZAKUP PRZY U¯YCIU KARTY;"ORLEN STACJA 2231 WARSZAWA  DATA TRANSAKCJI: 2026-09-03";"";'';-231,60;2 651,32;
03.09.2026;03.09.2026;ZAKUP PRZY U¯YCIU KARTY;"SPOTIFY STOCKHOLM  DATA TRANSAKCJI: 2026-09-03";"";'';-19,99;2 631,33;
04.09.2026;04.09.2026;BLIK P2P-WYCHODZ¥CY;"OBIAD";"ANNA TESTOWA";'';-45,00;2 586,33;
05.09.2026;05.09.2026;ZAKUP PRZY U¯YCIU KARTY;"KAWIARNIA CZARNA WARSZAWA  DATA TRANSAKCJI: 2026-09-05";"";'';-26,50;2 559,83;
06.09.2026;06.09.2026;ZAKUP PRZY U¯YCIU KARTY;"¯ABKA Z1204 WARSZAWA  DATA TRANSAKCJI: 2026-09-06";"";'';-14,98;2 544,85;
07.09.2026;07.09.2026;ZAKUP PRZY U¯YCIU KARTY;"LIDL 0087 WARSZAWA  DATA TRANSAKCJI: 2026-09-07";"";'';-132,17;2 412,68;
08.09.2026;08.09.2026;ZAKUP PRZY U¯YCIU KARTY;"APTEKA ZDROWIE WARSZAWA  DATA TRANSAKCJI: 2026-09-08";"";'';-64,20;2 348,48;
09.09.2026;09.09.2026;PRZELEW ZEWNÊTRZNY WYCHODZ¥CY;"FAKTURA ZA INTERNET 09/2026";"ORANGE POLSKA S.A.";'33333333333333333333333333';-79,00;2 269,48;
10.09.2026;10.09.2026;ZAKUP PRZY U¯YCIU KARTY;"NETFLIX.COM AMSTERDAM  DATA TRANSAKCJI: 2026-09-10";"";'';-43,00;2 226,48;
10.09.2026;10.09.2026;PRZELEW ZEWNÊTRZNY PRZYCHODZ¥CY;"WYNAGRODZENIE ZA WRZESIEÑ 2026";"BIURO PRZYK£ADOWE SP. Z O.O.";'44444444444444444444444444';7850,00;10 076,48;
11.09.2026;11.09.2026;ZAKUP PRZY U¯YCIU KARTY;"PIEKARNIA POD LIP¥ WARSZAWA  DATA TRANSAKCJI: 2026-09-11";"";'';-18,40;10 058,08;
12.09.2026;12.09.2026;ZAKUP PRZY U¯YCIU KARTY;"MEDIA EXPERT WARSZAWA  DATA TRANSAKCJI: 2026-09-12";"";'';-349,00;9 709,08;
13.09.2026;13.09.2026;ZAKUP PRZY U¯YCIU KARTY;"UBER *TRIP HELP.UBER.COM  DATA TRANSAKCJI: 2026-09-13";"";'';-32,80;9 676,28;
14.09.2026;14.09.2026;ZAKUP PRZY U¯YCIU KARTY;"BIEDRONKA 0412 WARSZAWA  DATA TRANSAKCJI: 2026-09-14";"";'';-102,55;9 573,73;
15.09.2026;15.09.2026;PRZELEW W£ASNY;"PRZELEW W£ASNY NA KONTO OSZCZÊDNOŒCIOWE";"JAN PRZYK£ADOWY";'88888888888888888888888888';-1000,00;8 573,73;
16.09.2026;16.09.2026;ZAKUP PRZY U¯YCIU KARTY;"CINEMA CITY WARSZAWA  DATA TRANSAKCJI: 2026-09-16";"";'';-56,00;8 517,73;
17.09.2026;17.09.2026;BLIK P2P-PRZYCHODZ¥CY;"ZWROT ZA KINO";"ANNA TESTOWA";'';28,00;8 545,73;
18.09.2026;18.09.2026;ZAKUP PRZY U¯YCIU KARTY;"DECATHLON WARSZAWA  DATA TRANSAKCJI: 2026-09-18";"";'';-219,99;8 325,74;
19.09.2026;19.09.2026;ZAKUP PRZY U¯YCIU KARTY;"ORLEN STACJA 2231 WARSZAWA  DATA TRANSAKCJI: 2026-09-19";"";'';-188,40;8 137,34;
20.09.2026;20.09.2026;ZAKUP PRZY U¯YCIU KARTY;"RESTAURACJA U JANA WARSZAWA  DATA TRANSAKCJI: 2026-09-20";"";'';-127,00;8 010,34;
21.09.2026;21.09.2026;ZAKUP PRZY U¯YCIU KARTY;"LIDL 0087 WARSZAWA  DATA TRANSAKCJI: 2026-09-21";"";'';-96,34;7 914,00;
22.09.2026;22.09.2026;PRZELEW ZEWNÊTRZNY WYCHODZ¥CY;"SK£ADKA OC/AC 09/2026";"PZU S.A.";'66666666666666666666666666';-184,50;7 729,50;
23.09.2026;23.09.2026;ZAKUP PRZY U¯YCIU KARTY;"ZARA WARSZAWA  DATA TRANSAKCJI: 2026-09-23";"";'';-259,00;7 470,50;
24.09.2026;24.09.2026;BLIK P2P-WYCHODZ¥CY;"BILETY";"JAN PRÓBNY";'';-60,00;7 410,50;
26.09.2026;26.09.2026;ZAKUP PRZY U¯YCIU KARTY;"ROSSMANN 0310 WARSZAWA  DATA TRANSAKCJI: 2026-09-26";"";'';-78,45;7 332,05;
27.09.2026;27.09.2026;ZAKUP PRZY U¯YCIU KARTY;"KAWIARNIA CZARNA WARSZAWA  DATA TRANSAKCJI: 2026-09-27";"";'';-22,00;7 310,05;
28.09.2026;28.09.2026;PRZELEW ZEWNÊTRZNY PRZYCHODZ¥CY;"ZWROT NADP£ATY PODATKU";"URZ¥D SKARBOWY TESTOWO";'77777777777777777777777777';412,00;7 722,05;
29.09.2026;29.09.2026;ZAKUP PRZY U¯YCIU KARTY;"BIEDRONKA 0412 WARSZAWA  DATA TRANSAKCJI: 2026-09-29";"";'';-64,12;7 657,93;
30.09.2026;30.09.2026;ZAKUP PRZY U¯YCIU KARTY;"ORLEN STACJA 2231 WARSZAWA  DATA TRANSAKCJI: 2026-09-30";"";'';-201,30;7 456,63;

#Saldo koñcowe;7 456,63 PLN;;;;;;;
