2026-10-02|01-09-2026|'88 8888 8888 8888 8888 8888 8888|JAN PRZYKŁADOWY UL. TESTOWA 1/2 00-000 TESTOWO|PLN|2100,00|2158,13|13|
02-10-2026|01-10-2026|DOP. MC 400000******1234 PŁATNOŚĆ KARTĄ 143.80 PLN Orlen Stacja 2231 Warszawa|||-143,80|2158,13|1|
01-10-2026|01-10-2026|KAPITALIZACJA ODSETEK|||3,12|2301,93|2|
29-09-2026|28-09-2026|DOP. MC 400000******1234 PŁATNOŚĆ KARTĄ 88.15 PLN LIDL 0087 Warszawa|||-88,15|2298,81|3|
26-09-2026|25-09-2026|DOP. MC 400000******1234 PŁATNOŚĆ KARTĄ 64.00 PLN Allegro Poznan|||-64,00|2386,96|4|
24-09-2026|24-09-2026|PRZELEW PRZYCHODZĄCY ZWROT ZA ZAKUPY|ANNA TESTOWA|12 1212 1212 1212 1212 1212 1212|120,00|2450,96|5|
20-09-2026|19-09-2026|DOP. MC 400000******1234 PŁATNOŚĆ KARTĄ 33.90 PLN APTEKA ZDROWIE Warszawa|||-33,90|2330,96|6|
17-09-2026|16-09-2026|DOP. MC 400000******1234 PŁATNOŚĆ KARTĄ 58.45 PLN BIEDRONKA 0412 Warszawa|||-58,45|2364,86|7|
15-09-2026|15-09-2026|PRZELEW WŁASNY Z MBANK|JAN PRZYKŁADOWY|11 1111 1111 1111 1111 1111 1111|1000,00|2423,31|8|
14-09-2026|13-09-2026|DOP. MC 400000******1234 PŁATNOŚĆ KARTĄ 73.80 PLN LIDL 0087 Warszawa|||-73,80|1423,31|9|
12-09-2026|12-09-2026|PRZELEW ZEWNĘTRZNY WYCHODZĄCY OPŁATA ZA PRĄD 09/2026|TAURON SPRZEDAŻ SP. Z O.O.|99 9999 9999 9999 9999 9999 9999|-142,60|1497,11|10|
08-09-2026|07-09-2026|DOP. MC 400000******1234 PŁATNOŚĆ KARTĄ 156.00 PLN Shell Stacja Paliw Warszawa|||-156,00|1639,71|11|
05-09-2026|04-09-2026|DOP. MC 400000******1234 PŁATNOŚĆ KARTĄ 214.30 PLN Leroy Merlin Warszawa|||-214,30|1795,71|12|
03-09-2026|02-09-2026|DOP. MC 400000******1234 PŁATNOŚĆ KARTĄ 89.99 PLN Allegro Poznan|||-89,99|2010,01|13|
